--
-- PostgreSQL database dump
--

-- Dumped from database version 17.5
-- Dumped by pg_dump version 17.5

-- Started on 2025-06-25 14:53:23

SET statement_timeout = 0;
SET lock_timeout = 0;
SET idle_in_transaction_session_timeout = 0;
SET transaction_timeout = 0;
SET client_encoding = 'UTF8';
SET standard_conforming_strings = on;
SELECT pg_catalog.set_config('search_path', '', false);
SET check_function_bodies = false;
SET xmloption = content;
SET client_min_messages = warning;
SET row_security = off;

SET default_tablespace = '';

SET default_table_access_method = heap;

--
-- TOC entry 217 (class 1259 OID 17416)
-- Name: auth_group; Type: TABLE; Schema: public; Owner: postgres
--

CREATE TABLE public.auth_group (
    id integer NOT NULL,
    name character varying(150) NOT NULL
);


ALTER TABLE public.auth_group OWNER TO postgres;

--
-- TOC entry 218 (class 1259 OID 17419)
-- Name: auth_group_id_seq; Type: SEQUENCE; Schema: public; Owner: postgres
--

ALTER TABLE public.auth_group ALTER COLUMN id ADD GENERATED BY DEFAULT AS IDENTITY (
    SEQUENCE NAME public.auth_group_id_seq
    START WITH 1
    INCREMENT BY 1
    NO MINVALUE
    NO MAXVALUE
    CACHE 1
);


--
-- TOC entry 219 (class 1259 OID 17420)
-- Name: auth_group_permissions; Type: TABLE; Schema: public; Owner: postgres
--

CREATE TABLE public.auth_group_permissions (
    id bigint NOT NULL,
    group_id integer NOT NULL,
    permission_id integer NOT NULL
);


ALTER TABLE public.auth_group_permissions OWNER TO postgres;

--
-- TOC entry 220 (class 1259 OID 17423)
-- Name: auth_group_permissions_id_seq; Type: SEQUENCE; Schema: public; Owner: postgres
--

ALTER TABLE public.auth_group_permissions ALTER COLUMN id ADD GENERATED BY DEFAULT AS IDENTITY (
    SEQUENCE NAME public.auth_group_permissions_id_seq
    START WITH 1
    INCREMENT BY 1
    NO MINVALUE
    NO MAXVALUE
    CACHE 1
);


--
-- TOC entry 221 (class 1259 OID 17424)
-- Name: auth_permission; Type: TABLE; Schema: public; Owner: postgres
--

CREATE TABLE public.auth_permission (
    id integer NOT NULL,
    name character varying(255) NOT NULL,
    content_type_id integer NOT NULL,
    codename character varying(100) NOT NULL
);


ALTER TABLE public.auth_permission OWNER TO postgres;

--
-- TOC entry 222 (class 1259 OID 17427)
-- Name: auth_permission_id_seq; Type: SEQUENCE; Schema: public; Owner: postgres
--

ALTER TABLE public.auth_permission ALTER COLUMN id ADD GENERATED BY DEFAULT AS IDENTITY (
    SEQUENCE NAME public.auth_permission_id_seq
    START WITH 1
    INCREMENT BY 1
    NO MINVALUE
    NO MAXVALUE
    CACHE 1
);


--
-- TOC entry 223 (class 1259 OID 17428)
-- Name: auth_user; Type: TABLE; Schema: public; Owner: postgres
--

CREATE TABLE public.auth_user (
    id integer NOT NULL,
    password character varying(128) NOT NULL,
    last_login timestamp with time zone,
    is_superuser boolean NOT NULL,
    username character varying(150) NOT NULL,
    first_name character varying(150) NOT NULL,
    last_name character varying(150) NOT NULL,
    email character varying(254) NOT NULL,
    is_staff boolean NOT NULL,
    is_active boolean NOT NULL,
    date_joined timestamp with time zone NOT NULL
);


ALTER TABLE public.auth_user OWNER TO postgres;

--
-- TOC entry 224 (class 1259 OID 17433)
-- Name: auth_user_groups; Type: TABLE; Schema: public; Owner: postgres
--

CREATE TABLE public.auth_user_groups (
    id bigint NOT NULL,
    user_id integer NOT NULL,
    group_id integer NOT NULL
);


ALTER TABLE public.auth_user_groups OWNER TO postgres;

--
-- TOC entry 225 (class 1259 OID 17436)
-- Name: auth_user_groups_id_seq; Type: SEQUENCE; Schema: public; Owner: postgres
--

ALTER TABLE public.auth_user_groups ALTER COLUMN id ADD GENERATED BY DEFAULT AS IDENTITY (
    SEQUENCE NAME public.auth_user_groups_id_seq
    START WITH 1
    INCREMENT BY 1
    NO MINVALUE
    NO MAXVALUE
    CACHE 1
);


--
-- TOC entry 226 (class 1259 OID 17437)
-- Name: auth_user_id_seq; Type: SEQUENCE; Schema: public; Owner: postgres
--

ALTER TABLE public.auth_user ALTER COLUMN id ADD GENERATED BY DEFAULT AS IDENTITY (
    SEQUENCE NAME public.auth_user_id_seq
    START WITH 1
    INCREMENT BY 1
    NO MINVALUE
    NO MAXVALUE
    CACHE 1
);


--
-- TOC entry 227 (class 1259 OID 17438)
-- Name: auth_user_user_permissions; Type: TABLE; Schema: public; Owner: postgres
--

CREATE TABLE public.auth_user_user_permissions (
    id bigint NOT NULL,
    user_id integer NOT NULL,
    permission_id integer NOT NULL
);


ALTER TABLE public.auth_user_user_permissions OWNER TO postgres;

--
-- TOC entry 228 (class 1259 OID 17441)
-- Name: auth_user_user_permissions_id_seq; Type: SEQUENCE; Schema: public; Owner: postgres
--

ALTER TABLE public.auth_user_user_permissions ALTER COLUMN id ADD GENERATED BY DEFAULT AS IDENTITY (
    SEQUENCE NAME public.auth_user_user_permissions_id_seq
    START WITH 1
    INCREMENT BY 1
    NO MINVALUE
    NO MAXVALUE
    CACHE 1
);


--
-- TOC entry 229 (class 1259 OID 17442)
-- Name: django_admin_log; Type: TABLE; Schema: public; Owner: postgres
--

CREATE TABLE public.django_admin_log (
    id integer NOT NULL,
    action_time timestamp with time zone NOT NULL,
    object_id text,
    object_repr character varying(200) NOT NULL,
    action_flag smallint NOT NULL,
    change_message text NOT NULL,
    content_type_id integer,
    user_id integer NOT NULL,
    CONSTRAINT django_admin_log_action_flag_check CHECK ((action_flag >= 0))
);


ALTER TABLE public.django_admin_log OWNER TO postgres;

--
-- TOC entry 230 (class 1259 OID 17448)
-- Name: django_admin_log_id_seq; Type: SEQUENCE; Schema: public; Owner: postgres
--

ALTER TABLE public.django_admin_log ALTER COLUMN id ADD GENERATED BY DEFAULT AS IDENTITY (
    SEQUENCE NAME public.django_admin_log_id_seq
    START WITH 1
    INCREMENT BY 1
    NO MINVALUE
    NO MAXVALUE
    CACHE 1
);


--
-- TOC entry 231 (class 1259 OID 17449)
-- Name: django_content_type; Type: TABLE; Schema: public; Owner: postgres
--

CREATE TABLE public.django_content_type (
    id integer NOT NULL,
    app_label character varying(100) NOT NULL,
    model character varying(100) NOT NULL
);


ALTER TABLE public.django_content_type OWNER TO postgres;

--
-- TOC entry 232 (class 1259 OID 17452)
-- Name: django_content_type_id_seq; Type: SEQUENCE; Schema: public; Owner: postgres
--

ALTER TABLE public.django_content_type ALTER COLUMN id ADD GENERATED BY DEFAULT AS IDENTITY (
    SEQUENCE NAME public.django_content_type_id_seq
    START WITH 1
    INCREMENT BY 1
    NO MINVALUE
    NO MAXVALUE
    CACHE 1
);


--
-- TOC entry 233 (class 1259 OID 17453)
-- Name: django_migrations; Type: TABLE; Schema: public; Owner: postgres
--

CREATE TABLE public.django_migrations (
    id bigint NOT NULL,
    app character varying(255) NOT NULL,
    name character varying(255) NOT NULL,
    applied timestamp with time zone NOT NULL
);


ALTER TABLE public.django_migrations OWNER TO postgres;

--
-- TOC entry 234 (class 1259 OID 17458)
-- Name: django_migrations_id_seq; Type: SEQUENCE; Schema: public; Owner: postgres
--

ALTER TABLE public.django_migrations ALTER COLUMN id ADD GENERATED BY DEFAULT AS IDENTITY (
    SEQUENCE NAME public.django_migrations_id_seq
    START WITH 1
    INCREMENT BY 1
    NO MINVALUE
    NO MAXVALUE
    CACHE 1
);


--
-- TOC entry 235 (class 1259 OID 17459)
-- Name: django_session; Type: TABLE; Schema: public; Owner: postgres
--

CREATE TABLE public.django_session (
    session_key character varying(40) NOT NULL,
    session_data text NOT NULL,
    expire_date timestamp with time zone NOT NULL
);


ALTER TABLE public.django_session OWNER TO postgres;

--
-- TOC entry 236 (class 1259 OID 17464)
-- Name: gestao_assegnazione; Type: TABLE; Schema: public; Owner: postgres
--

CREATE TABLE public.gestao_assegnazione (
    id bigint NOT NULL,
    data_assegnazione date NOT NULL,
    data_restituzione date,
    dispositivo_id bigint NOT NULL,
    utente_id bigint NOT NULL
);


ALTER TABLE public.gestao_assegnazione OWNER TO postgres;

--
-- TOC entry 237 (class 1259 OID 17467)
-- Name: gestao_assegnazione_id_seq; Type: SEQUENCE; Schema: public; Owner: postgres
--

ALTER TABLE public.gestao_assegnazione ALTER COLUMN id ADD GENERATED BY DEFAULT AS IDENTITY (
    SEQUENCE NAME public.gestao_assegnazione_id_seq
    START WITH 1
    INCREMENT BY 1
    NO MINVALUE
    NO MAXVALUE
    CACHE 1
);


--
-- TOC entry 238 (class 1259 OID 17468)
-- Name: gestao_dipartimento; Type: TABLE; Schema: public; Owner: postgres
--

CREATE TABLE public.gestao_dipartimento (
    id bigint NOT NULL,
    nome character varying(150) NOT NULL
);


ALTER TABLE public.gestao_dipartimento OWNER TO postgres;

--
-- TOC entry 239 (class 1259 OID 17471)
-- Name: gestao_dipartimento_id_seq; Type: SEQUENCE; Schema: public; Owner: postgres
--

ALTER TABLE public.gestao_dipartimento ALTER COLUMN id ADD GENERATED BY DEFAULT AS IDENTITY (
    SEQUENCE NAME public.gestao_dipartimento_id_seq
    START WITH 1
    INCREMENT BY 1
    NO MINVALUE
    NO MAXVALUE
    CACHE 1
);


--
-- TOC entry 240 (class 1259 OID 17472)
-- Name: gestao_dispositivo; Type: TABLE; Schema: public; Owner: postgres
--

CREATE TABLE public.gestao_dispositivo (
    id bigint NOT NULL,
    cespite character varying(255),
    tipo character varying(50) NOT NULL,
    marca character varying(100) NOT NULL,
    modello character varying(100) NOT NULL,
    numero_serie character varying(255),
    hostname character varying(255) NOT NULL,
    stato character varying(50) NOT NULL,
    data_acquisto date,
    data_sostituzione_prevista date,
    password_administrator character varying(255),
    locazione_magazzino character varying(100),
    note text
);


ALTER TABLE public.gestao_dispositivo OWNER TO postgres;

--
-- TOC entry 241 (class 1259 OID 17477)
-- Name: gestao_dispositivo_id_seq; Type: SEQUENCE; Schema: public; Owner: postgres
--

ALTER TABLE public.gestao_dispositivo ALTER COLUMN id ADD GENERATED BY DEFAULT AS IDENTITY (
    SEQUENCE NAME public.gestao_dispositivo_id_seq
    START WITH 1
    INCREMENT BY 1
    NO MINVALUE
    NO MAXVALUE
    CACHE 1
);


--
-- TOC entry 242 (class 1259 OID 17478)
-- Name: gestao_preparazione; Type: TABLE; Schema: public; Owner: postgres
--

CREATE TABLE public.gestao_preparazione (
    id bigint NOT NULL,
    tipo_richiesta character varying(50) NOT NULL,
    stato_preparazione character varying(50) NOT NULL,
    nome_nuovo_utente character varying(100),
    cognome_nuovo_utente character varying(100),
    data_ingresso date,
    dipartimento_nuovo_utente character varying(100),
    motivo_sostituzione text,
    ticket_helpdesk character varying(100),
    tipologia_pc_richiesta character varying(50),
    note_software text,
    data_pianificazione timestamp with time zone,
    mail_inviata boolean NOT NULL,
    dati_in_scsm boolean NOT NULL,
    in_ars boolean NOT NULL,
    delivery_inviato boolean NOT NULL,
    assegnazione_id bigint,
    dispositivo_vecchio_id bigint,
    utente_id bigint,
    dispositivo_nuovo_id bigint,
    categoria character varying(50) NOT NULL,
    tecnico_responsabile_id integer,
    luogo_intervento_id bigint
);


ALTER TABLE public.gestao_preparazione OWNER TO postgres;

--
-- TOC entry 243 (class 1259 OID 17483)
-- Name: gestao_preparazione_id_seq; Type: SEQUENCE; Schema: public; Owner: postgres
--

ALTER TABLE public.gestao_preparazione ALTER COLUMN id ADD GENERATED BY DEFAULT AS IDENTITY (
    SEQUENCE NAME public.gestao_preparazione_id_seq
    START WITH 1
    INCREMENT BY 1
    NO MINVALUE
    NO MAXVALUE
    CACHE 1
);


--
-- TOC entry 244 (class 1259 OID 17484)
-- Name: gestao_sede; Type: TABLE; Schema: public; Owner: postgres
--

CREATE TABLE public.gestao_sede (
    id bigint NOT NULL,
    nome character varying(100) NOT NULL,
    indirizzo character varying(255)
);


ALTER TABLE public.gestao_sede OWNER TO postgres;

--
-- TOC entry 245 (class 1259 OID 17487)
-- Name: gestao_sede_id_seq; Type: SEQUENCE; Schema: public; Owner: postgres
--

ALTER TABLE public.gestao_sede ALTER COLUMN id ADD GENERATED BY DEFAULT AS IDENTITY (
    SEQUENCE NAME public.gestao_sede_id_seq
    START WITH 1
    INCREMENT BY 1
    NO MINVALUE
    NO MAXVALUE
    CACHE 1
);


--
-- TOC entry 246 (class 1259 OID 17488)
-- Name: gestao_utente; Type: TABLE; Schema: public; Owner: postgres
--

CREATE TABLE public.gestao_utente (
    id bigint NOT NULL,
    nome character varying(100) NOT NULL,
    cognome character varying(100) NOT NULL,
    dipartimento_id bigint,
    tipo_contratto character varying(50) NOT NULL,
    attivo boolean NOT NULL
);


ALTER TABLE public.gestao_utente OWNER TO postgres;

--
-- TOC entry 247 (class 1259 OID 17491)
-- Name: gestao_utente_id_seq; Type: SEQUENCE; Schema: public; Owner: postgres
--

ALTER TABLE public.gestao_utente ALTER COLUMN id ADD GENERATED BY DEFAULT AS IDENTITY (
    SEQUENCE NAME public.gestao_utente_id_seq
    START WITH 1
    INCREMENT BY 1
    NO MINVALUE
    NO MAXVALUE
    CACHE 1
);


--
-- TOC entry 5017 (class 0 OID 17416)
-- Dependencies: 217
-- Data for Name: auth_group; Type: TABLE DATA; Schema: public; Owner: postgres
--

COPY public.auth_group (id, name) FROM stdin;
\.


--
-- TOC entry 5019 (class 0 OID 17420)
-- Dependencies: 219
-- Data for Name: auth_group_permissions; Type: TABLE DATA; Schema: public; Owner: postgres
--

COPY public.auth_group_permissions (id, group_id, permission_id) FROM stdin;
\.


--
-- TOC entry 5021 (class 0 OID 17424)
-- Dependencies: 221
-- Data for Name: auth_permission; Type: TABLE DATA; Schema: public; Owner: postgres
--

COPY public.auth_permission (id, name, content_type_id, codename) FROM stdin;
1	Can add log entry	1	add_logentry
2	Can change log entry	1	change_logentry
3	Can delete log entry	1	delete_logentry
4	Can view log entry	1	view_logentry
5	Can add permission	2	add_permission
6	Can change permission	2	change_permission
7	Can delete permission	2	delete_permission
8	Can view permission	2	view_permission
9	Can add group	3	add_group
10	Can change group	3	change_group
11	Can delete group	3	delete_group
12	Can view group	3	view_group
13	Can add user	4	add_user
14	Can change user	4	change_user
15	Can delete user	4	delete_user
16	Can view user	4	view_user
17	Can add content type	5	add_contenttype
18	Can change content type	5	change_contenttype
19	Can delete content type	5	delete_contenttype
20	Can view content type	5	view_contenttype
21	Can add session	6	add_session
22	Can change session	6	change_session
23	Can delete session	6	delete_session
24	Can view session	6	view_session
25	Can add dispositivo	7	add_dispositivo
26	Can change dispositivo	7	change_dispositivo
27	Can delete dispositivo	7	delete_dispositivo
28	Can view dispositivo	7	view_dispositivo
29	Can add utente	8	add_utente
30	Can change utente	8	change_utente
31	Can delete utente	8	delete_utente
32	Can view utente	8	view_utente
33	Can add assegnazione	9	add_assegnazione
34	Can change assegnazione	9	change_assegnazione
35	Can delete assegnazione	9	delete_assegnazione
36	Can view assegnazione	9	view_assegnazione
37	Can add preparazione	10	add_preparazione
38	Can change preparazione	10	change_preparazione
39	Can delete preparazione	10	delete_preparazione
40	Can view preparazione	10	view_preparazione
41	Can add dipartimento	11	add_dipartimento
42	Can change dipartimento	11	change_dipartimento
43	Can delete dipartimento	11	delete_dipartimento
44	Can view dipartimento	11	view_dipartimento
45	Can add sede	12	add_sede
46	Can change sede	12	change_sede
47	Can delete sede	12	delete_sede
48	Can view sede	12	view_sede
\.


--
-- TOC entry 5023 (class 0 OID 17428)
-- Dependencies: 223
-- Data for Name: auth_user; Type: TABLE DATA; Schema: public; Owner: postgres
--

COPY public.auth_user (id, password, last_login, is_superuser, username, first_name, last_name, email, is_staff, is_active, date_joined) FROM stdin;
1	pbkdf2_sha256$1000000$VGYMBl24yG43uXPMnw5pic$+15e5eMrafyO1DJyCBXyhgvRgsT+JTVKpOkwUCfJils=	2025-06-19 21:54:25.664446+02	t	admin			jacksonlcruz@hotmail.com	t	t	2025-06-19 17:34:43.465963+02
\.


--
-- TOC entry 5024 (class 0 OID 17433)
-- Dependencies: 224
-- Data for Name: auth_user_groups; Type: TABLE DATA; Schema: public; Owner: postgres
--

COPY public.auth_user_groups (id, user_id, group_id) FROM stdin;
\.


--
-- TOC entry 5027 (class 0 OID 17438)
-- Dependencies: 227
-- Data for Name: auth_user_user_permissions; Type: TABLE DATA; Schema: public; Owner: postgres
--

COPY public.auth_user_user_permissions (id, user_id, permission_id) FROM stdin;
\.


--
-- TOC entry 5029 (class 0 OID 17442)
-- Dependencies: 229
-- Data for Name: django_admin_log; Type: TABLE DATA; Schema: public; Owner: postgres
--

COPY public.django_admin_log (id, action_time, object_id, object_repr, action_flag, change_message, content_type_id, user_id) FROM stdin;
1	2025-06-20 07:57:27.726528+02	1	ID/G	1	[{"added": {}}]	11	1
2	2025-06-20 07:58:35.327654+02	2	IG/B	1	[{"added": {}}]	11	1
3	2025-06-20 08:00:00.66687+02	3	IG/B-1	1	[{"added": {}}]	11	1
4	2025-06-20 08:01:08.346981+02	4	IG/B-2	1	[{"added": {}}]	11	1
5	2025-06-20 08:02:14.041399+02	5	IG/D	1	[{"added": {}}]	11	1
6	2025-06-20 08:03:22.427474+02	6	IG/D-1	1	[{"added": {}}]	11	1
7	2025-06-20 08:04:35.183748+02	7	IG/D-2	1	[{"added": {}}]	11	1
8	2025-06-20 08:05:41.30357+02	8	IG/D-3	1	[{"added": {}}]	11	1
9	2025-06-20 08:18:41.729787+02	9	IG/D-61	1	[{"added": {}}]	11	1
10	2025-06-20 08:19:51.737604+02	10	IG/D-62	1	[{"added": {}}]	11	1
11	2025-06-20 08:22:17.909381+02	11	IG/D-S	1	[{"added": {}}]	11	1
12	2025-06-20 08:24:58.423149+02	12	IG/E	1	[{"added": {}}]	11	1
13	2025-06-20 08:26:21.364193+02	13	IG/EE	1	[{"added": {}}]	11	1
14	2025-06-20 08:30:00.434614+02	14	IG/EE-1	1	[{"added": {}}]	11	1
15	2025-06-20 08:32:40.374495+02	15	IG/EE-2	1	[{"added": {}}]	11	1
16	2025-06-20 08:33:47.205191+02	16	IG/EE-3	1	[{"added": {}}]	11	1
17	2025-06-20 08:35:04.570637+02	17	IG/EE-4	1	[{"added": {}}]	11	1
18	2025-06-20 08:36:14.006287+02	18	IG/EE-5	1	[{"added": {}}]	11	1
19	2025-06-20 08:37:22.597645+02	19	IG/EE-6	1	[{"added": {}}]	11	1
20	2025-06-20 08:38:28.774952+02	20	IG/EE-7	1	[{"added": {}}]	11	1
21	2025-06-20 08:45:17.076284+02	21	IG/EG	1	[{"added": {}}]	11	1
22	2025-06-20 08:49:32.264123+02	22	IG/EG-5	1	[{"added": {}}]	11	1
23	2025-06-20 08:51:26.72197+02	23	IG/EG-6	1	[{"added": {}}]	11	1
24	2025-06-20 08:52:32.188891+02	24	IG/EG-7	1	[{"added": {}}]	11	1
25	2025-06-20 08:53:50.588704+02	25	IG/EG-8	1	[{"added": {}}]	11	1
26	2025-06-20 09:01:32.379974+02	26	IG/EG-C	1	[{"added": {}}]	11	1
27	2025-06-20 09:04:55.317786+02	27	IG/EG-I	1	[{"added": {}}]	11	1
28	2025-06-20 09:06:03.463413+02	28	IG/EG-Q	1	[{"added": {}}]	11	1
29	2025-06-20 09:07:10.859293+02	29	IG/EI	1	[{"added": {}}]	11	1
30	2025-06-20 09:08:21.550225+02	30	IG/EI-1	1	[{"added": {}}]	11	1
31	2025-06-20 09:09:31.807858+02	31	IG/EI-32	1	[{"added": {}}]	11	1
32	2025-06-20 09:10:41.439024+02	32	IG/EI-33	1	[{"added": {}}]	11	1
33	2025-06-20 09:11:47.554239+02	33	IG/EI-34	1	[{"added": {}}]	11	1
34	2025-06-20 09:13:18.671726+02	34	IG/EL	1	[{"added": {}}]	11	1
35	2025-06-20 09:16:00.10125+02	35	IG/EL-1	1	[{"added": {}}]	11	1
36	2025-06-20 09:38:34.077601+02	36	IG/EL-2	1	[{"added": {}}]	11	1
37	2025-06-20 09:42:55.258488+02	37	IG/ER	1	[{"added": {}}]	11	1
38	2025-06-20 09:52:49.391755+02	38	IG/ER-2	1	[{"added": {}}]	11	1
39	2025-06-20 10:05:18.652166+02	39	IG/ER-2B	1	[{"added": {}}]	11	1
40	2025-06-20 10:06:48.240202+02	40	IG/ER-2E	1	[{"added": {}}]	11	1
41	2025-06-20 10:07:57.825411+02	41	IG/ER-2L	1	[{"added": {}}]	11	1
42	2025-06-20 10:09:14.466836+02	42	IG/ER-2M	1	[{"added": {}}]	11	1
43	2025-06-20 10:10:26.362179+02	43	IG/ER-3	1	[{"added": {}}]	11	1
44	2025-06-20 10:11:47.642788+02	44	IG/ER-4	1	[{"added": {}}]	11	1
45	2025-06-20 10:12:54.104026+02	45	IG/ER-7	1	[{"added": {}}]	11	1
46	2025-06-20 10:14:02.290494+02	46	IG/ER-N	1	[{"added": {}}]	11	1
47	2025-06-20 10:15:11.449929+02	47	IG/ER-S	1	[{"added": {}}]	11	1
48	2025-06-20 10:16:58.966418+02	48	IG/ES	1	[{"added": {}}]	11	1
49	2025-06-20 10:18:12.245674+02	49	IG/F	1	[{"added": {}}]	11	1
50	2025-06-20 10:21:11.979669+02	50	IG/F-1	1	[{"added": {}}]	11	1
51	2025-06-20 10:22:20.994117+02	51	IG/F-12	1	[{"added": {}}]	11	1
52	2025-06-20 10:23:29.091634+02	52	IG/G	1	[{"added": {}}]	11	1
53	2025-06-20 10:24:37.31847+02	53	IG/GT	1	[{"added": {}}]	11	1
54	2025-06-20 10:25:46.727371+02	54	IG/GT-D	1	[{"added": {}}]	11	1
55	2025-06-20 10:26:56.50181+02	55	IG/GT-E	1	[{"added": {}}]	11	1
56	2025-06-20 10:28:09.448099+02	56	IG/GT-P	1	[{"added": {}}]	11	1
57	2025-06-20 10:29:14.818887+02	57	IG/P	1	[{"added": {}}]	11	1
58	2025-06-20 10:30:23.281189+02	58	IG/P-10	1	[{"added": {}}]	11	1
59	2025-06-20 10:31:29.398671+02	59	IG/P-6	1	[{"added": {}}]	11	1
60	2025-06-20 10:32:37.936169+02	60	IG/P-62	1	[{"added": {}}]	11	1
61	2025-06-20 10:33:46.184593+02	61	IG/P-63	1	[{"added": {}}]	11	1
62	2025-06-20 10:34:53.822974+02	62	IG/P-7	1	[{"added": {}}]	11	1
63	2025-06-20 10:36:01.623632+02	63	IG/P-8	1	[{"added": {}}]	11	1
64	2025-06-20 10:37:45.268587+02	64	IG/P-82	1	[{"added": {}}]	11	1
65	2025-06-20 10:39:02.042671+02	65	IG/P-83	1	[{"added": {}}]	11	1
66	2025-06-20 10:40:20.071061+02	66	IG/P-S	1	[{"added": {}}]	11	1
67	2025-06-20 10:41:29.792415+02	67	IG/P-S1	1	[{"added": {}}]	11	1
68	2025-06-20 10:42:37.394926+02	68	IG/Q	1	[{"added": {}}]	11	1
69	2025-06-20 11:13:36.321688+02	69	IG/Q-1	1	[{"added": {}}]	11	1
70	2025-06-20 11:17:04.608621+02	70	IG/Q-2	1	[{"added": {}}]	11	1
71	2025-06-20 11:20:43.447617+02	71	IG/S	1	[{"added": {}}]	11	1
72	2025-06-20 11:23:29.713052+02	72	IG/S-1	1	[{"added": {}}]	11	1
73	2025-06-20 11:25:14.431619+02	73	IG/S-2	1	[{"added": {}}]	11	1
74	2025-06-20 11:26:30.283543+02	74	IG/S-3	1	[{"added": {}}]	11	1
75	2025-06-20 11:28:18.552974+02	75	IG/S-31	1	[{"added": {}}]	11	1
76	2025-06-20 11:29:27.785701+02	76	IG/SD	1	[{"added": {}}]	11	1
77	2025-06-20 11:37:04.999529+02	77	IG/SH	1	[{"added": {}}]	11	1
78	2025-06-20 12:57:26.595445+02	78	IG/SH-1	1	[{"added": {}}]	11	1
79	2025-06-20 12:58:43.302011+02	79	IG/SH-2	1	[{"added": {}}]	11	1
80	2025-06-20 12:59:51.145864+02	80	IG/V	1	[{"added": {}}]	11	1
81	2025-06-20 13:00:59.520855+02	81	IG/V-P	1	[{"added": {}}]	11	1
82	2025-06-20 13:02:06.947493+02	82	IDD/E	1	[{"added": {}}]	11	1
83	2025-06-20 13:04:06.916942+02	83	IDD/EE	1	[{"added": {}}]	11	1
84	2025-06-20 13:05:26.969779+02	84	IDD/EE-1	1	[{"added": {}}]	11	1
85	2025-06-20 13:06:34.208259+02	85	IDD/EE-2	1	[{"added": {}}]	11	1
86	2025-06-20 13:07:41.94656+02	86	IDD/EE-3	1	[{"added": {}}]	11	1
87	2025-06-20 13:08:48.600325+02	87	IDD/EE-4	1	[{"added": {}}]	11	1
88	2025-06-20 13:10:10.540423+02	88	IDD/EE-5	1	[{"added": {}}]	11	1
89	2025-06-20 13:11:17.614574+02	89	IDD/EE-6	1	[{"added": {}}]	11	1
90	2025-06-20 13:14:55.078346+02	90	IDD/EE-7	1	[{"added": {}}]	11	1
91	2025-06-20 13:16:04.348594+02	91	IDD/EG-C	1	[{"added": {}}]	11	1
92	2025-06-20 13:17:19.220748+02	92	IDD/EG-I	1	[{"added": {}}]	11	1
93	2025-06-20 13:18:26.795931+02	93	IDD/EG-Q	1	[{"added": {}}]	11	1
94	2025-06-20 13:19:33.093954+02	94	IDD/EI-1	1	[{"added": {}}]	11	1
95	2025-06-20 13:20:40.120199+02	95	IDD/EI-32	1	[{"added": {}}]	11	1
96	2025-06-20 13:21:51.904114+02	96	IDD/EI-33	1	[{"added": {}}]	11	1
97	2025-06-20 13:22:58.227372+02	97	IDD/ER-2	1	[{"added": {}}]	11	1
98	2025-06-20 13:24:07.123833+02	98	IDD/ER-2B	1	[{"added": {}}]	11	1
99	2025-06-20 13:25:13.997839+02	99	IDD/ER-2E	1	[{"added": {}}]	11	1
100	2025-06-20 13:26:21.933322+02	100	IDD/ER-2L	1	[{"added": {}}]	11	1
101	2025-06-20 13:27:28.900085+02	101	IDD/ER-2M	1	[{"added": {}}]	11	1
102	2025-06-20 13:28:42.81022+02	102	IDD/ER-3	1	[{"added": {}}]	11	1
103	2025-06-20 14:38:01.226376+02	103	IDD/ER-4	1	[{"added": {}}]	11	1
104	2025-06-20 14:39:17.847876+02	104	IDD/ER-7	1	[{"added": {}}]	11	1
105	2025-06-20 14:42:15.180237+02	105	IDD/ER-S	1	[{"added": {}}]	11	1
106	2025-06-20 14:43:43.491102+02	106	IDD/G	1	[{"added": {}}]	11	1
107	2025-06-20 14:45:59.720963+02	107	IDD/GT	1	[{"added": {}}]	11	1
108	2025-06-20 14:47:06.869397+02	108	IDD/P-10	1	[{"added": {}}]	11	1
109	2025-06-20 14:48:44.361892+02	109	IDD/S	1	[{"added": {}}]	11	1
110	2025-06-20 14:49:57.549108+02	110	IDD/S-2	1	[{"added": {}}]	11	1
111	2025-06-20 14:52:27.769135+02	111	IDD/S-31	1	[{"added": {}}]	11	1
112	2025-06-20 23:19:25.461108+02	1	Via Nizza	1	[{"added": {}}]	12	1
113	2025-06-20 23:21:08.489247+02	2	Nichelino	1	[{"added": {}}]	12	1
114	2025-06-20 23:23:07.374582+02	3	Vadò	1	[{"added": {}}]	12	1
115	2025-06-20 23:25:39.34014+02	4	Gaimersheim	1	[{"added": {}}]	12	1
116	2025-06-20 23:27:30.138775+02	5	Moncalieri	1	[{"added": {}}]	12	1
\.


--
-- TOC entry 5031 (class 0 OID 17449)
-- Dependencies: 231
-- Data for Name: django_content_type; Type: TABLE DATA; Schema: public; Owner: postgres
--

COPY public.django_content_type (id, app_label, model) FROM stdin;
1	admin	logentry
2	auth	permission
3	auth	group
4	auth	user
5	contenttypes	contenttype
6	sessions	session
7	gestao	dispositivo
8	gestao	utente
9	gestao	assegnazione
10	gestao	preparazione
11	gestao	dipartimento
12	gestao	sede
\.


--
-- TOC entry 5033 (class 0 OID 17453)
-- Dependencies: 233
-- Data for Name: django_migrations; Type: TABLE DATA; Schema: public; Owner: postgres
--

COPY public.django_migrations (id, app, name, applied) FROM stdin;
1	contenttypes	0001_initial	2025-06-19 17:33:47.701326+02
2	auth	0001_initial	2025-06-19 17:33:47.785193+02
3	admin	0001_initial	2025-06-19 17:33:47.800733+02
4	admin	0002_logentry_remove_auto_add	2025-06-19 17:33:47.811461+02
5	admin	0003_logentry_add_action_flag_choices	2025-06-19 17:33:47.837982+02
6	contenttypes	0002_remove_content_type_name	2025-06-19 17:33:47.849364+02
7	auth	0002_alter_permission_name_max_length	2025-06-19 17:33:47.854404+02
8	auth	0003_alter_user_email_max_length	2025-06-19 17:33:47.859759+02
9	auth	0004_alter_user_username_opts	2025-06-19 17:33:47.862787+02
10	auth	0005_alter_user_last_login_null	2025-06-19 17:33:47.867788+02
11	auth	0006_require_contenttypes_0002	2025-06-19 17:33:47.86979+02
12	auth	0007_alter_validators_add_error_messages	2025-06-19 17:33:47.872699+02
13	auth	0008_alter_user_username_max_length	2025-06-19 17:33:47.888942+02
14	auth	0009_alter_user_last_name_max_length	2025-06-19 17:33:47.89359+02
15	auth	0010_alter_group_name_max_length	2025-06-19 17:33:47.899553+02
16	auth	0011_update_proxy_permissions	2025-06-19 17:33:47.902827+02
17	auth	0012_alter_user_first_name_max_length	2025-06-19 17:33:47.907529+02
18	gestao	0001_initial	2025-06-19 17:33:47.970728+02
19	gestao	0002_remove_preparazione_dispositivo_vecchio_manuale_and_more	2025-06-19 17:33:47.983165+02
20	gestao	0003_alter_preparazione_tipologia_pc_richiesta	2025-06-19 17:33:47.985561+02
21	gestao	0004_preparazione_categoria	2025-06-19 17:33:48.000497+02
22	gestao	0005_alter_preparazione_categoria	2025-06-19 17:33:48.009809+02
23	gestao	0006_alter_dispositivo_cespite_and_more	2025-06-19 17:33:48.016187+02
24	gestao	0007_dipartimento_alter_dispositivo_tipo_and_more	2025-06-19 17:33:48.053265+02
25	sessions	0001_initial	2025-06-19 17:33:48.070076+02
26	gestao	0008_preparazione_tecnico_responsabile	2025-06-19 20:06:43.942372+02
27	gestao	0009_alter_preparazione_data_pianificazione	2025-06-20 22:09:31.210454+02
28	gestao	0010_sede_preparazione_luogo_intervento	2025-06-20 23:05:29.649339+02
29	gestao	0011_alter_dispositivo_stato	2025-06-25 14:51:58.401638+02
30	gestao	0012_alter_utente_options_alter_utente_tipo_contratto	2025-06-25 14:51:58.450158+02
\.


--
-- TOC entry 5035 (class 0 OID 17459)
-- Dependencies: 235
-- Data for Name: django_session; Type: TABLE DATA; Schema: public; Owner: postgres
--

COPY public.django_session (session_key, session_data, expire_date) FROM stdin;
uzeqjcpkzgjvmidy1qz6zdgkin9hp45u	.eJxVjDsOwjAQBe_iGln-rdehpOcM1tre4ABypDipEHeHSCmgfTPzXiLStta4dV7iVMRZaHH63RLlB7cdlDu12yzz3NZlSnJX5EG7vM6Fn5fD_Tuo1Ou3DiEoQgAzoEdvHQRdmEeHytsMhTwiBLRGq0EbGzSbRMUTGDdmVsqL9wef7jZg:1uSLL7:LNQ4KECz84zWdLpNAteT0N4J05nP_RMlgKTyKKBNYfs	2025-07-03 21:54:25.673958+02
\.


--
-- TOC entry 5036 (class 0 OID 17464)
-- Dependencies: 236
-- Data for Name: gestao_assegnazione; Type: TABLE DATA; Schema: public; Owner: postgres
--

COPY public.gestao_assegnazione (id, data_assegnazione, data_restituzione, dispositivo_id, utente_id) FROM stdin;
\.


--
-- TOC entry 5038 (class 0 OID 17468)
-- Dependencies: 238
-- Data for Name: gestao_dipartimento; Type: TABLE DATA; Schema: public; Owner: postgres
--

COPY public.gestao_dipartimento (id, nome) FROM stdin;
1	ID/G
2	IG/B
3	IG/B-1
4	IG/B-2
5	IG/D
6	IG/D-1
7	IG/D-2
8	IG/D-3
9	IG/D-61
10	IG/D-62
11	IG/D-S
12	IG/E
13	IG/EE
14	IG/EE-1
15	IG/EE-2
16	IG/EE-3
17	IG/EE-4
18	IG/EE-5
19	IG/EE-6
20	IG/EE-7
21	IG/EG
22	IG/EG-5
23	IG/EG-6
24	IG/EG-7
25	IG/EG-8
26	IG/EG-C
27	IG/EG-I
28	IG/EG-Q
29	IG/EI
30	IG/EI-1
31	IG/EI-32
32	IG/EI-33
33	IG/EI-34
34	IG/EL
35	IG/EL-1
36	IG/EL-2
37	IG/ER
38	IG/ER-2
39	IG/ER-2B
40	IG/ER-2E
41	IG/ER-2L
42	IG/ER-2M
43	IG/ER-3
44	IG/ER-4
45	IG/ER-7
46	IG/ER-N
47	IG/ER-S
48	IG/ES
49	IG/F
50	IG/F-1
51	IG/F-12
52	IG/G
53	IG/GT
54	IG/GT-D
55	IG/GT-E
56	IG/GT-P
57	IG/P
58	IG/P-10
59	IG/P-6
60	IG/P-62
61	IG/P-63
62	IG/P-7
63	IG/P-8
64	IG/P-82
65	IG/P-83
66	IG/P-S
67	IG/P-S1
68	IG/Q
69	IG/Q-1
70	IG/Q-2
71	IG/S
72	IG/S-1
73	IG/S-2
74	IG/S-3
75	IG/S-31
76	IG/SD
77	IG/SH
78	IG/SH-1
79	IG/SH-2
80	IG/V
81	IG/V-P
82	IDD/E
83	IDD/EE
84	IDD/EE-1
85	IDD/EE-2
86	IDD/EE-3
87	IDD/EE-4
88	IDD/EE-5
89	IDD/EE-6
90	IDD/EE-7
91	IDD/EG-C
92	IDD/EG-I
93	IDD/EG-Q
94	IDD/EI-1
95	IDD/EI-32
96	IDD/EI-33
97	IDD/ER-2
98	IDD/ER-2B
99	IDD/ER-2E
100	IDD/ER-2L
101	IDD/ER-2M
102	IDD/ER-3
103	IDD/ER-4
104	IDD/ER-7
105	IDD/ER-S
106	IDD/G
107	IDD/GT
108	IDD/P-10
109	IDD/S
110	IDD/S-2
111	IDD/S-31
\.


--
-- TOC entry 5040 (class 0 OID 17472)
-- Dependencies: 240
-- Data for Name: gestao_dispositivo; Type: TABLE DATA; Schema: public; Owner: postgres
--

COPY public.gestao_dispositivo (id, cespite, tipo, marca, modello, numero_serie, hostname, stato, data_acquisto, data_sostituzione_prevista, password_administrator, locazione_magazzino, note) FROM stdin;
\.


--
-- TOC entry 5042 (class 0 OID 17478)
-- Dependencies: 242
-- Data for Name: gestao_preparazione; Type: TABLE DATA; Schema: public; Owner: postgres
--

COPY public.gestao_preparazione (id, tipo_richiesta, stato_preparazione, nome_nuovo_utente, cognome_nuovo_utente, data_ingresso, dipartimento_nuovo_utente, motivo_sostituzione, ticket_helpdesk, tipologia_pc_richiesta, note_software, data_pianificazione, mail_inviata, dati_in_scsm, in_ars, delivery_inviato, assegnazione_id, dispositivo_vecchio_id, utente_id, dispositivo_nuovo_id, categoria, tecnico_responsabile_id, luogo_intervento_id) FROM stdin;
\.


--
-- TOC entry 5044 (class 0 OID 17484)
-- Dependencies: 244
-- Data for Name: gestao_sede; Type: TABLE DATA; Schema: public; Owner: postgres
--

COPY public.gestao_sede (id, nome, indirizzo) FROM stdin;
1	Via Nizza	Via Nizza, 150. Torino - TO
2	Nichelino	Via Teano 23 Nichelino - TO
3	Vadò	Via Vittime del Vajont 31 Moncalieri - TO
4	Gaimersheim	Dr-Ludwig-Kraus Straße 2, 85080 Ingolstadt, Germany
5	Moncalieri	Via Achille Grandi, 25. Moncalieri - TO
\.


--
-- TOC entry 5046 (class 0 OID 17488)
-- Dependencies: 246
-- Data for Name: gestao_utente; Type: TABLE DATA; Schema: public; Owner: postgres
--

COPY public.gestao_utente (id, nome, cognome, dipartimento_id, tipo_contratto, attivo) FROM stdin;
\.


--
-- TOC entry 5053 (class 0 OID 0)
-- Dependencies: 218
-- Name: auth_group_id_seq; Type: SEQUENCE SET; Schema: public; Owner: postgres
--

SELECT pg_catalog.setval('public.auth_group_id_seq', 1, false);


--
-- TOC entry 5054 (class 0 OID 0)
-- Dependencies: 220
-- Name: auth_group_permissions_id_seq; Type: SEQUENCE SET; Schema: public; Owner: postgres
--

SELECT pg_catalog.setval('public.auth_group_permissions_id_seq', 1, false);


--
-- TOC entry 5055 (class 0 OID 0)
-- Dependencies: 222
-- Name: auth_permission_id_seq; Type: SEQUENCE SET; Schema: public; Owner: postgres
--

SELECT pg_catalog.setval('public.auth_permission_id_seq', 48, true);


--
-- TOC entry 5056 (class 0 OID 0)
-- Dependencies: 225
-- Name: auth_user_groups_id_seq; Type: SEQUENCE SET; Schema: public; Owner: postgres
--

SELECT pg_catalog.setval('public.auth_user_groups_id_seq', 1, false);


--
-- TOC entry 5057 (class 0 OID 0)
-- Dependencies: 226
-- Name: auth_user_id_seq; Type: SEQUENCE SET; Schema: public; Owner: postgres
--

SELECT pg_catalog.setval('public.auth_user_id_seq', 1, true);


--
-- TOC entry 5058 (class 0 OID 0)
-- Dependencies: 228
-- Name: auth_user_user_permissions_id_seq; Type: SEQUENCE SET; Schema: public; Owner: postgres
--

SELECT pg_catalog.setval('public.auth_user_user_permissions_id_seq', 1, false);


--
-- TOC entry 5059 (class 0 OID 0)
-- Dependencies: 230
-- Name: django_admin_log_id_seq; Type: SEQUENCE SET; Schema: public; Owner: postgres
--

SELECT pg_catalog.setval('public.django_admin_log_id_seq', 116, true);


--
-- TOC entry 5060 (class 0 OID 0)
-- Dependencies: 232
-- Name: django_content_type_id_seq; Type: SEQUENCE SET; Schema: public; Owner: postgres
--

SELECT pg_catalog.setval('public.django_content_type_id_seq', 12, true);


--
-- TOC entry 5061 (class 0 OID 0)
-- Dependencies: 234
-- Name: django_migrations_id_seq; Type: SEQUENCE SET; Schema: public; Owner: postgres
--

SELECT pg_catalog.setval('public.django_migrations_id_seq', 30, true);


--
-- TOC entry 5062 (class 0 OID 0)
-- Dependencies: 237
-- Name: gestao_assegnazione_id_seq; Type: SEQUENCE SET; Schema: public; Owner: postgres
--

SELECT pg_catalog.setval('public.gestao_assegnazione_id_seq', 1, false);


--
-- TOC entry 5063 (class 0 OID 0)
-- Dependencies: 239
-- Name: gestao_dipartimento_id_seq; Type: SEQUENCE SET; Schema: public; Owner: postgres
--

SELECT pg_catalog.setval('public.gestao_dipartimento_id_seq', 111, true);


--
-- TOC entry 5064 (class 0 OID 0)
-- Dependencies: 241
-- Name: gestao_dispositivo_id_seq; Type: SEQUENCE SET; Schema: public; Owner: postgres
--

SELECT pg_catalog.setval('public.gestao_dispositivo_id_seq', 1, false);


--
-- TOC entry 5065 (class 0 OID 0)
-- Dependencies: 243
-- Name: gestao_preparazione_id_seq; Type: SEQUENCE SET; Schema: public; Owner: postgres
--

SELECT pg_catalog.setval('public.gestao_preparazione_id_seq', 1, false);


--
-- TOC entry 5066 (class 0 OID 0)
-- Dependencies: 245
-- Name: gestao_sede_id_seq; Type: SEQUENCE SET; Schema: public; Owner: postgres
--

SELECT pg_catalog.setval('public.gestao_sede_id_seq', 5, true);


--
-- TOC entry 5067 (class 0 OID 0)
-- Dependencies: 247
-- Name: gestao_utente_id_seq; Type: SEQUENCE SET; Schema: public; Owner: postgres
--

SELECT pg_catalog.setval('public.gestao_utente_id_seq', 1, false);


--
-- TOC entry 4772 (class 2606 OID 17493)
-- Name: auth_group auth_group_name_key; Type: CONSTRAINT; Schema: public; Owner: postgres
--

ALTER TABLE ONLY public.auth_group
    ADD CONSTRAINT auth_group_name_key UNIQUE (name);


--
-- TOC entry 4777 (class 2606 OID 17495)
-- Name: auth_group_permissions auth_group_permissions_group_id_permission_id_0cd325b0_uniq; Type: CONSTRAINT; Schema: public; Owner: postgres
--

ALTER TABLE ONLY public.auth_group_permissions
    ADD CONSTRAINT auth_group_permissions_group_id_permission_id_0cd325b0_uniq UNIQUE (group_id, permission_id);


--
-- TOC entry 4780 (class 2606 OID 17497)
-- Name: auth_group_permissions auth_group_permissions_pkey; Type: CONSTRAINT; Schema: public; Owner: postgres
--

ALTER TABLE ONLY public.auth_group_permissions
    ADD CONSTRAINT auth_group_permissions_pkey PRIMARY KEY (id);


--
-- TOC entry 4774 (class 2606 OID 17499)
-- Name: auth_group auth_group_pkey; Type: CONSTRAINT; Schema: public; Owner: postgres
--

ALTER TABLE ONLY public.auth_group
    ADD CONSTRAINT auth_group_pkey PRIMARY KEY (id);


--
-- TOC entry 4783 (class 2606 OID 17501)
-- Name: auth_permission auth_permission_content_type_id_codename_01ab375a_uniq; Type: CONSTRAINT; Schema: public; Owner: postgres
--

ALTER TABLE ONLY public.auth_permission
    ADD CONSTRAINT auth_permission_content_type_id_codename_01ab375a_uniq UNIQUE (content_type_id, codename);


--
-- TOC entry 4785 (class 2606 OID 17503)
-- Name: auth_permission auth_permission_pkey; Type: CONSTRAINT; Schema: public; Owner: postgres
--

ALTER TABLE ONLY public.auth_permission
    ADD CONSTRAINT auth_permission_pkey PRIMARY KEY (id);


--
-- TOC entry 4793 (class 2606 OID 17505)
-- Name: auth_user_groups auth_user_groups_pkey; Type: CONSTRAINT; Schema: public; Owner: postgres
--

ALTER TABLE ONLY public.auth_user_groups
    ADD CONSTRAINT auth_user_groups_pkey PRIMARY KEY (id);


--
-- TOC entry 4796 (class 2606 OID 17507)
-- Name: auth_user_groups auth_user_groups_user_id_group_id_94350c0c_uniq; Type: CONSTRAINT; Schema: public; Owner: postgres
--

ALTER TABLE ONLY public.auth_user_groups
    ADD CONSTRAINT auth_user_groups_user_id_group_id_94350c0c_uniq UNIQUE (user_id, group_id);


--
-- TOC entry 4787 (class 2606 OID 17509)
-- Name: auth_user auth_user_pkey; Type: CONSTRAINT; Schema: public; Owner: postgres
--

ALTER TABLE ONLY public.auth_user
    ADD CONSTRAINT auth_user_pkey PRIMARY KEY (id);


--
-- TOC entry 4799 (class 2606 OID 17511)
-- Name: auth_user_user_permissions auth_user_user_permissions_pkey; Type: CONSTRAINT; Schema: public; Owner: postgres
--

ALTER TABLE ONLY public.auth_user_user_permissions
    ADD CONSTRAINT auth_user_user_permissions_pkey PRIMARY KEY (id);


--
-- TOC entry 4802 (class 2606 OID 17513)
-- Name: auth_user_user_permissions auth_user_user_permissions_user_id_permission_id_14a6b632_uniq; Type: CONSTRAINT; Schema: public; Owner: postgres
--

ALTER TABLE ONLY public.auth_user_user_permissions
    ADD CONSTRAINT auth_user_user_permissions_user_id_permission_id_14a6b632_uniq UNIQUE (user_id, permission_id);


--
-- TOC entry 4790 (class 2606 OID 17515)
-- Name: auth_user auth_user_username_key; Type: CONSTRAINT; Schema: public; Owner: postgres
--

ALTER TABLE ONLY public.auth_user
    ADD CONSTRAINT auth_user_username_key UNIQUE (username);


--
-- TOC entry 4805 (class 2606 OID 17517)
-- Name: django_admin_log django_admin_log_pkey; Type: CONSTRAINT; Schema: public; Owner: postgres
--

ALTER TABLE ONLY public.django_admin_log
    ADD CONSTRAINT django_admin_log_pkey PRIMARY KEY (id);


--
-- TOC entry 4808 (class 2606 OID 17519)
-- Name: django_content_type django_content_type_app_label_model_76bd3d3b_uniq; Type: CONSTRAINT; Schema: public; Owner: postgres
--

ALTER TABLE ONLY public.django_content_type
    ADD CONSTRAINT django_content_type_app_label_model_76bd3d3b_uniq UNIQUE (app_label, model);


--
-- TOC entry 4810 (class 2606 OID 17521)
-- Name: django_content_type django_content_type_pkey; Type: CONSTRAINT; Schema: public; Owner: postgres
--

ALTER TABLE ONLY public.django_content_type
    ADD CONSTRAINT django_content_type_pkey PRIMARY KEY (id);


--
-- TOC entry 4812 (class 2606 OID 17523)
-- Name: django_migrations django_migrations_pkey; Type: CONSTRAINT; Schema: public; Owner: postgres
--

ALTER TABLE ONLY public.django_migrations
    ADD CONSTRAINT django_migrations_pkey PRIMARY KEY (id);


--
-- TOC entry 4815 (class 2606 OID 17525)
-- Name: django_session django_session_pkey; Type: CONSTRAINT; Schema: public; Owner: postgres
--

ALTER TABLE ONLY public.django_session
    ADD CONSTRAINT django_session_pkey PRIMARY KEY (session_key);


--
-- TOC entry 4819 (class 2606 OID 17527)
-- Name: gestao_assegnazione gestao_assegnazione_pkey; Type: CONSTRAINT; Schema: public; Owner: postgres
--

ALTER TABLE ONLY public.gestao_assegnazione
    ADD CONSTRAINT gestao_assegnazione_pkey PRIMARY KEY (id);


--
-- TOC entry 4823 (class 2606 OID 17529)
-- Name: gestao_dipartimento gestao_dipartimento_nome_key; Type: CONSTRAINT; Schema: public; Owner: postgres
--

ALTER TABLE ONLY public.gestao_dipartimento
    ADD CONSTRAINT gestao_dipartimento_nome_key UNIQUE (nome);


--
-- TOC entry 4825 (class 2606 OID 17531)
-- Name: gestao_dipartimento gestao_dipartimento_pkey; Type: CONSTRAINT; Schema: public; Owner: postgres
--

ALTER TABLE ONLY public.gestao_dipartimento
    ADD CONSTRAINT gestao_dipartimento_pkey PRIMARY KEY (id);


--
-- TOC entry 4828 (class 2606 OID 17533)
-- Name: gestao_dispositivo gestao_dispositivo_cespite_key; Type: CONSTRAINT; Schema: public; Owner: postgres
--

ALTER TABLE ONLY public.gestao_dispositivo
    ADD CONSTRAINT gestao_dispositivo_cespite_key UNIQUE (cespite);


--
-- TOC entry 4831 (class 2606 OID 17535)
-- Name: gestao_dispositivo gestao_dispositivo_hostname_key; Type: CONSTRAINT; Schema: public; Owner: postgres
--

ALTER TABLE ONLY public.gestao_dispositivo
    ADD CONSTRAINT gestao_dispositivo_hostname_key UNIQUE (hostname);


--
-- TOC entry 4834 (class 2606 OID 17537)
-- Name: gestao_dispositivo gestao_dispositivo_numero_serie_key; Type: CONSTRAINT; Schema: public; Owner: postgres
--

ALTER TABLE ONLY public.gestao_dispositivo
    ADD CONSTRAINT gestao_dispositivo_numero_serie_key UNIQUE (numero_serie);


--
-- TOC entry 4836 (class 2606 OID 17539)
-- Name: gestao_dispositivo gestao_dispositivo_pkey; Type: CONSTRAINT; Schema: public; Owner: postgres
--

ALTER TABLE ONLY public.gestao_dispositivo
    ADD CONSTRAINT gestao_dispositivo_pkey PRIMARY KEY (id);


--
-- TOC entry 4838 (class 2606 OID 17541)
-- Name: gestao_preparazione gestao_preparazione_assegnazione_id_key; Type: CONSTRAINT; Schema: public; Owner: postgres
--

ALTER TABLE ONLY public.gestao_preparazione
    ADD CONSTRAINT gestao_preparazione_assegnazione_id_key UNIQUE (assegnazione_id);


--
-- TOC entry 4843 (class 2606 OID 17543)
-- Name: gestao_preparazione gestao_preparazione_pkey; Type: CONSTRAINT; Schema: public; Owner: postgres
--

ALTER TABLE ONLY public.gestao_preparazione
    ADD CONSTRAINT gestao_preparazione_pkey PRIMARY KEY (id);


--
-- TOC entry 4848 (class 2606 OID 17545)
-- Name: gestao_sede gestao_sede_nome_key; Type: CONSTRAINT; Schema: public; Owner: postgres
--

ALTER TABLE ONLY public.gestao_sede
    ADD CONSTRAINT gestao_sede_nome_key UNIQUE (nome);


--
-- TOC entry 4850 (class 2606 OID 17547)
-- Name: gestao_sede gestao_sede_pkey; Type: CONSTRAINT; Schema: public; Owner: postgres
--

ALTER TABLE ONLY public.gestao_sede
    ADD CONSTRAINT gestao_sede_pkey PRIMARY KEY (id);


--
-- TOC entry 4853 (class 2606 OID 17549)
-- Name: gestao_utente gestao_utente_pkey; Type: CONSTRAINT; Schema: public; Owner: postgres
--

ALTER TABLE ONLY public.gestao_utente
    ADD CONSTRAINT gestao_utente_pkey PRIMARY KEY (id);


--
-- TOC entry 4770 (class 1259 OID 17550)
-- Name: auth_group_name_a6ea08ec_like; Type: INDEX; Schema: public; Owner: postgres
--

CREATE INDEX auth_group_name_a6ea08ec_like ON public.auth_group USING btree (name varchar_pattern_ops);


--
-- TOC entry 4775 (class 1259 OID 17551)
-- Name: auth_group_permissions_group_id_b120cbf9; Type: INDEX; Schema: public; Owner: postgres
--

CREATE INDEX auth_group_permissions_group_id_b120cbf9 ON public.auth_group_permissions USING btree (group_id);


--
-- TOC entry 4778 (class 1259 OID 17552)
-- Name: auth_group_permissions_permission_id_84c5c92e; Type: INDEX; Schema: public; Owner: postgres
--

CREATE INDEX auth_group_permissions_permission_id_84c5c92e ON public.auth_group_permissions USING btree (permission_id);


--
-- TOC entry 4781 (class 1259 OID 17553)
-- Name: auth_permission_content_type_id_2f476e4b; Type: INDEX; Schema: public; Owner: postgres
--

CREATE INDEX auth_permission_content_type_id_2f476e4b ON public.auth_permission USING btree (content_type_id);


--
-- TOC entry 4791 (class 1259 OID 17554)
-- Name: auth_user_groups_group_id_97559544; Type: INDEX; Schema: public; Owner: postgres
--

CREATE INDEX auth_user_groups_group_id_97559544 ON public.auth_user_groups USING btree (group_id);


--
-- TOC entry 4794 (class 1259 OID 17555)
-- Name: auth_user_groups_user_id_6a12ed8b; Type: INDEX; Schema: public; Owner: postgres
--

CREATE INDEX auth_user_groups_user_id_6a12ed8b ON public.auth_user_groups USING btree (user_id);


--
-- TOC entry 4797 (class 1259 OID 17556)
-- Name: auth_user_user_permissions_permission_id_1fbb5f2c; Type: INDEX; Schema: public; Owner: postgres
--

CREATE INDEX auth_user_user_permissions_permission_id_1fbb5f2c ON public.auth_user_user_permissions USING btree (permission_id);


--
-- TOC entry 4800 (class 1259 OID 17557)
-- Name: auth_user_user_permissions_user_id_a95ead1b; Type: INDEX; Schema: public; Owner: postgres
--

CREATE INDEX auth_user_user_permissions_user_id_a95ead1b ON public.auth_user_user_permissions USING btree (user_id);


--
-- TOC entry 4788 (class 1259 OID 17558)
-- Name: auth_user_username_6821ab7c_like; Type: INDEX; Schema: public; Owner: postgres
--

CREATE INDEX auth_user_username_6821ab7c_like ON public.auth_user USING btree (username varchar_pattern_ops);


--
-- TOC entry 4803 (class 1259 OID 17559)
-- Name: django_admin_log_content_type_id_c4bce8eb; Type: INDEX; Schema: public; Owner: postgres
--

CREATE INDEX django_admin_log_content_type_id_c4bce8eb ON public.django_admin_log USING btree (content_type_id);


--
-- TOC entry 4806 (class 1259 OID 17560)
-- Name: django_admin_log_user_id_c564eba6; Type: INDEX; Schema: public; Owner: postgres
--

CREATE INDEX django_admin_log_user_id_c564eba6 ON public.django_admin_log USING btree (user_id);


--
-- TOC entry 4813 (class 1259 OID 17561)
-- Name: django_session_expire_date_a5c62663; Type: INDEX; Schema: public; Owner: postgres
--

CREATE INDEX django_session_expire_date_a5c62663 ON public.django_session USING btree (expire_date);


--
-- TOC entry 4816 (class 1259 OID 17562)
-- Name: django_session_session_key_c0390e0f_like; Type: INDEX; Schema: public; Owner: postgres
--

CREATE INDEX django_session_session_key_c0390e0f_like ON public.django_session USING btree (session_key varchar_pattern_ops);


--
-- TOC entry 4817 (class 1259 OID 17563)
-- Name: gestao_assegnazione_dispositivo_id_9be2e1a3; Type: INDEX; Schema: public; Owner: postgres
--

CREATE INDEX gestao_assegnazione_dispositivo_id_9be2e1a3 ON public.gestao_assegnazione USING btree (dispositivo_id);


--
-- TOC entry 4820 (class 1259 OID 17564)
-- Name: gestao_assegnazione_utente_id_98b86afb; Type: INDEX; Schema: public; Owner: postgres
--

CREATE INDEX gestao_assegnazione_utente_id_98b86afb ON public.gestao_assegnazione USING btree (utente_id);


--
-- TOC entry 4821 (class 1259 OID 17565)
-- Name: gestao_dipartimento_nome_bbfa5b04_like; Type: INDEX; Schema: public; Owner: postgres
--

CREATE INDEX gestao_dipartimento_nome_bbfa5b04_like ON public.gestao_dipartimento USING btree (nome varchar_pattern_ops);


--
-- TOC entry 4826 (class 1259 OID 17566)
-- Name: gestao_dispositivo_cespite_689bab05_like; Type: INDEX; Schema: public; Owner: postgres
--

CREATE INDEX gestao_dispositivo_cespite_689bab05_like ON public.gestao_dispositivo USING btree (cespite varchar_pattern_ops);


--
-- TOC entry 4829 (class 1259 OID 17567)
-- Name: gestao_dispositivo_hostname_0f972a78_like; Type: INDEX; Schema: public; Owner: postgres
--

CREATE INDEX gestao_dispositivo_hostname_0f972a78_like ON public.gestao_dispositivo USING btree (hostname varchar_pattern_ops);


--
-- TOC entry 4832 (class 1259 OID 17568)
-- Name: gestao_dispositivo_numero_serie_d1b5464c_like; Type: INDEX; Schema: public; Owner: postgres
--

CREATE INDEX gestao_dispositivo_numero_serie_d1b5464c_like ON public.gestao_dispositivo USING btree (numero_serie varchar_pattern_ops);


--
-- TOC entry 4839 (class 1259 OID 17569)
-- Name: gestao_preparazione_dispositivo_nuovo_id_48593732; Type: INDEX; Schema: public; Owner: postgres
--

CREATE INDEX gestao_preparazione_dispositivo_nuovo_id_48593732 ON public.gestao_preparazione USING btree (dispositivo_nuovo_id);


--
-- TOC entry 4840 (class 1259 OID 17570)
-- Name: gestao_preparazione_dispositivo_vecchio_id_cbb305d2; Type: INDEX; Schema: public; Owner: postgres
--

CREATE INDEX gestao_preparazione_dispositivo_vecchio_id_cbb305d2 ON public.gestao_preparazione USING btree (dispositivo_vecchio_id);


--
-- TOC entry 4841 (class 1259 OID 17571)
-- Name: gestao_preparazione_luogo_intervento_id_4328714c; Type: INDEX; Schema: public; Owner: postgres
--

CREATE INDEX gestao_preparazione_luogo_intervento_id_4328714c ON public.gestao_preparazione USING btree (luogo_intervento_id);


--
-- TOC entry 4844 (class 1259 OID 17572)
-- Name: gestao_preparazione_tecnico_responsabile_id_2e5a3cc2; Type: INDEX; Schema: public; Owner: postgres
--

CREATE INDEX gestao_preparazione_tecnico_responsabile_id_2e5a3cc2 ON public.gestao_preparazione USING btree (tecnico_responsabile_id);


--
-- TOC entry 4845 (class 1259 OID 17573)
-- Name: gestao_preparazione_utente_id_248ef434; Type: INDEX; Schema: public; Owner: postgres
--

CREATE INDEX gestao_preparazione_utente_id_248ef434 ON public.gestao_preparazione USING btree (utente_id);


--
-- TOC entry 4846 (class 1259 OID 17574)
-- Name: gestao_sede_nome_6c182f50_like; Type: INDEX; Schema: public; Owner: postgres
--

CREATE INDEX gestao_sede_nome_6c182f50_like ON public.gestao_sede USING btree (nome varchar_pattern_ops);


--
-- TOC entry 4851 (class 1259 OID 17575)
-- Name: gestao_utente_dipartimento_id_c16f8b77; Type: INDEX; Schema: public; Owner: postgres
--

CREATE INDEX gestao_utente_dipartimento_id_c16f8b77 ON public.gestao_utente USING btree (dipartimento_id);


--
-- TOC entry 4854 (class 2606 OID 17576)
-- Name: auth_group_permissions auth_group_permissio_permission_id_84c5c92e_fk_auth_perm; Type: FK CONSTRAINT; Schema: public; Owner: postgres
--

ALTER TABLE ONLY public.auth_group_permissions
    ADD CONSTRAINT auth_group_permissio_permission_id_84c5c92e_fk_auth_perm FOREIGN KEY (permission_id) REFERENCES public.auth_permission(id) DEFERRABLE INITIALLY DEFERRED;


--
-- TOC entry 4855 (class 2606 OID 17581)
-- Name: auth_group_permissions auth_group_permissions_group_id_b120cbf9_fk_auth_group_id; Type: FK CONSTRAINT; Schema: public; Owner: postgres
--

ALTER TABLE ONLY public.auth_group_permissions
    ADD CONSTRAINT auth_group_permissions_group_id_b120cbf9_fk_auth_group_id FOREIGN KEY (group_id) REFERENCES public.auth_group(id) DEFERRABLE INITIALLY DEFERRED;


--
-- TOC entry 4856 (class 2606 OID 17586)
-- Name: auth_permission auth_permission_content_type_id_2f476e4b_fk_django_co; Type: FK CONSTRAINT; Schema: public; Owner: postgres
--

ALTER TABLE ONLY public.auth_permission
    ADD CONSTRAINT auth_permission_content_type_id_2f476e4b_fk_django_co FOREIGN KEY (content_type_id) REFERENCES public.django_content_type(id) DEFERRABLE INITIALLY DEFERRED;


--
-- TOC entry 4857 (class 2606 OID 17591)
-- Name: auth_user_groups auth_user_groups_group_id_97559544_fk_auth_group_id; Type: FK CONSTRAINT; Schema: public; Owner: postgres
--

ALTER TABLE ONLY public.auth_user_groups
    ADD CONSTRAINT auth_user_groups_group_id_97559544_fk_auth_group_id FOREIGN KEY (group_id) REFERENCES public.auth_group(id) DEFERRABLE INITIALLY DEFERRED;


--
-- TOC entry 4858 (class 2606 OID 17596)
-- Name: auth_user_groups auth_user_groups_user_id_6a12ed8b_fk_auth_user_id; Type: FK CONSTRAINT; Schema: public; Owner: postgres
--

ALTER TABLE ONLY public.auth_user_groups
    ADD CONSTRAINT auth_user_groups_user_id_6a12ed8b_fk_auth_user_id FOREIGN KEY (user_id) REFERENCES public.auth_user(id) DEFERRABLE INITIALLY DEFERRED;


--
-- TOC entry 4859 (class 2606 OID 17601)
-- Name: auth_user_user_permissions auth_user_user_permi_permission_id_1fbb5f2c_fk_auth_perm; Type: FK CONSTRAINT; Schema: public; Owner: postgres
--

ALTER TABLE ONLY public.auth_user_user_permissions
    ADD CONSTRAINT auth_user_user_permi_permission_id_1fbb5f2c_fk_auth_perm FOREIGN KEY (permission_id) REFERENCES public.auth_permission(id) DEFERRABLE INITIALLY DEFERRED;


--
-- TOC entry 4860 (class 2606 OID 17606)
-- Name: auth_user_user_permissions auth_user_user_permissions_user_id_a95ead1b_fk_auth_user_id; Type: FK CONSTRAINT; Schema: public; Owner: postgres
--

ALTER TABLE ONLY public.auth_user_user_permissions
    ADD CONSTRAINT auth_user_user_permissions_user_id_a95ead1b_fk_auth_user_id FOREIGN KEY (user_id) REFERENCES public.auth_user(id) DEFERRABLE INITIALLY DEFERRED;


--
-- TOC entry 4861 (class 2606 OID 17611)
-- Name: django_admin_log django_admin_log_content_type_id_c4bce8eb_fk_django_co; Type: FK CONSTRAINT; Schema: public; Owner: postgres
--

ALTER TABLE ONLY public.django_admin_log
    ADD CONSTRAINT django_admin_log_content_type_id_c4bce8eb_fk_django_co FOREIGN KEY (content_type_id) REFERENCES public.django_content_type(id) DEFERRABLE INITIALLY DEFERRED;


--
-- TOC entry 4862 (class 2606 OID 17616)
-- Name: django_admin_log django_admin_log_user_id_c564eba6_fk_auth_user_id; Type: FK CONSTRAINT; Schema: public; Owner: postgres
--

ALTER TABLE ONLY public.django_admin_log
    ADD CONSTRAINT django_admin_log_user_id_c564eba6_fk_auth_user_id FOREIGN KEY (user_id) REFERENCES public.auth_user(id) DEFERRABLE INITIALLY DEFERRED;


--
-- TOC entry 4863 (class 2606 OID 17621)
-- Name: gestao_assegnazione gestao_assegnazione_dispositivo_id_9be2e1a3_fk_gestao_di; Type: FK CONSTRAINT; Schema: public; Owner: postgres
--

ALTER TABLE ONLY public.gestao_assegnazione
    ADD CONSTRAINT gestao_assegnazione_dispositivo_id_9be2e1a3_fk_gestao_di FOREIGN KEY (dispositivo_id) REFERENCES public.gestao_dispositivo(id) DEFERRABLE INITIALLY DEFERRED;


--
-- TOC entry 4864 (class 2606 OID 17626)
-- Name: gestao_assegnazione gestao_assegnazione_utente_id_98b86afb_fk_gestao_utente_id; Type: FK CONSTRAINT; Schema: public; Owner: postgres
--

ALTER TABLE ONLY public.gestao_assegnazione
    ADD CONSTRAINT gestao_assegnazione_utente_id_98b86afb_fk_gestao_utente_id FOREIGN KEY (utente_id) REFERENCES public.gestao_utente(id) DEFERRABLE INITIALLY DEFERRED;


--
-- TOC entry 4865 (class 2606 OID 17631)
-- Name: gestao_preparazione gestao_preparazione_assegnazione_id_b7062bd6_fk_gestao_as; Type: FK CONSTRAINT; Schema: public; Owner: postgres
--

ALTER TABLE ONLY public.gestao_preparazione
    ADD CONSTRAINT gestao_preparazione_assegnazione_id_b7062bd6_fk_gestao_as FOREIGN KEY (assegnazione_id) REFERENCES public.gestao_assegnazione(id) DEFERRABLE INITIALLY DEFERRED;


--
-- TOC entry 4866 (class 2606 OID 17636)
-- Name: gestao_preparazione gestao_preparazione_dispositivo_nuovo_id_48593732_fk_gestao_di; Type: FK CONSTRAINT; Schema: public; Owner: postgres
--

ALTER TABLE ONLY public.gestao_preparazione
    ADD CONSTRAINT gestao_preparazione_dispositivo_nuovo_id_48593732_fk_gestao_di FOREIGN KEY (dispositivo_nuovo_id) REFERENCES public.gestao_dispositivo(id) DEFERRABLE INITIALLY DEFERRED;


--
-- TOC entry 4867 (class 2606 OID 17641)
-- Name: gestao_preparazione gestao_preparazione_dispositivo_vecchio__cbb305d2_fk_gestao_di; Type: FK CONSTRAINT; Schema: public; Owner: postgres
--

ALTER TABLE ONLY public.gestao_preparazione
    ADD CONSTRAINT gestao_preparazione_dispositivo_vecchio__cbb305d2_fk_gestao_di FOREIGN KEY (dispositivo_vecchio_id) REFERENCES public.gestao_dispositivo(id) DEFERRABLE INITIALLY DEFERRED;


--
-- TOC entry 4868 (class 2606 OID 17646)
-- Name: gestao_preparazione gestao_preparazione_luogo_intervento_id_4328714c_fk_gestao_se; Type: FK CONSTRAINT; Schema: public; Owner: postgres
--

ALTER TABLE ONLY public.gestao_preparazione
    ADD CONSTRAINT gestao_preparazione_luogo_intervento_id_4328714c_fk_gestao_se FOREIGN KEY (luogo_intervento_id) REFERENCES public.gestao_sede(id) DEFERRABLE INITIALLY DEFERRED;


--
-- TOC entry 4869 (class 2606 OID 17651)
-- Name: gestao_preparazione gestao_preparazione_tecnico_responsabile_2e5a3cc2_fk_auth_user; Type: FK CONSTRAINT; Schema: public; Owner: postgres
--

ALTER TABLE ONLY public.gestao_preparazione
    ADD CONSTRAINT gestao_preparazione_tecnico_responsabile_2e5a3cc2_fk_auth_user FOREIGN KEY (tecnico_responsabile_id) REFERENCES public.auth_user(id) DEFERRABLE INITIALLY DEFERRED;


--
-- TOC entry 4870 (class 2606 OID 17656)
-- Name: gestao_preparazione gestao_preparazione_utente_id_248ef434_fk_gestao_utente_id; Type: FK CONSTRAINT; Schema: public; Owner: postgres
--

ALTER TABLE ONLY public.gestao_preparazione
    ADD CONSTRAINT gestao_preparazione_utente_id_248ef434_fk_gestao_utente_id FOREIGN KEY (utente_id) REFERENCES public.gestao_utente(id) DEFERRABLE INITIALLY DEFERRED;


--
-- TOC entry 4871 (class 2606 OID 17661)
-- Name: gestao_utente gestao_utente_dipartimento_id_c16f8b77_fk_gestao_di; Type: FK CONSTRAINT; Schema: public; Owner: postgres
--

ALTER TABLE ONLY public.gestao_utente
    ADD CONSTRAINT gestao_utente_dipartimento_id_c16f8b77_fk_gestao_di FOREIGN KEY (dipartimento_id) REFERENCES public.gestao_dipartimento(id) DEFERRABLE INITIALLY DEFERRED;


-- Completed on 2025-06-25 14:53:34

--
-- PostgreSQL database dump complete
--

